<?xml version="1.0" encoding="UTF-8"?>
<!DOCTYPE hibernate-configuration SYSTEM
    "http://www.hibernate.org/dtd/hibernate-configuration-3.0.dtd">
 <hibernate-configuration>
 	<session-factory>
 			<property name="connection.driver_class">com.mysql.cj.jdbc.Driver</property>
 			<property name="connection.url">jdbc:mysql://127.0.0.1:3306/sakila</property>
  			<property name="connection.username">root</property>
  			<property name="connection.password">root</property>
  			<property name="dialect">org.hibernate.dialect.MySQLDialect</property>
  			<property name="hbm2ddl.auto">update</property>
  			<property name="show_sql">true</property>
  			
 			<mapping resource="Lang.hbm.xml"/>
 			<mapping resource="Movie.hbm.xml"/>
 			
 	
 	</session-factory>
 
 </hibernate-configuration>
    